slug	gh_num	milestone
r14b-m3-001-linker-vma-lma-split	489	r14-m3
r14b-m3-002-symbol-imm64-audit	490	r14-m3
r14b-m3-003-boot-stub-page-tables-add-high-mapping	491	r14-m3
r14b-m3-004-kernel-high-entry-symbol	492	r14-m3
r14b-m3-005-boot-stub-far-jmp-transition	493	r14-m3
r14b-m3-006-low-identity-retire-audit	494	r14-m3
r14b-m3-007-idt-vector-thunks-hi-check	495	r14-m3
r14b-m3-008-smoke-hifp-fingerprint-fixture	496	r14-m3
r14b-m4-001-user-pml4-frame-alloc	497	r14-m4
r14b-m4-002-syscall-trampoline-section	498	r14-m4
r14b-m4-003-kpti-build-user-pml4	499	r14-m4
r14b-m4-004-kernel-pml4-shared-boot-init	500	r14-m4
r14b-m4-005-cr3-switch-primitives	501	r14-m4
r14b-m4-006-syscall-entry-cr3-flip-on-entry	502	r14-m4
r14b-m4-007-swapgs-add-on-syscall-boundary	503	r14-m4
r14b-m4-008-user-pml4-populate-lowhalf-in-aspace-map	504	r14-m4
r14b-m4-009-smoke-kpti-fixture-mode	505	r14-m4
r14b-m5-001-cpu-local-struct-layout	506	r14-m5
r14b-m5-002-gs-base-msr-setup-cpu0	507	r14-m5
r14b-m5-003-cpu-local-get-workaround	508	r14-m5
r14b-m5-004-tlb-shootdown-local	509	r14-m5
r14b-m5-005-tlb-shootdown-broadcast-stub	510	r14-m5
r14b-m5-006-ipi-vector-idt-slots	511	r14-m5
r14b-m5-007-smoke-ipi-mode	512	r14-m5
r15-m1-001-aspace-create-user-real	513	r15-m1
r15-m1-002-elf-lite-format-spec	514	r15-m1
r15-m1-003-user-linker-script-and-build-user-sh	515	r15-m1
r15-m1-004-elf-lite-parser	516	r15-m1
r15-m1-005-elf-lite-load-into-aspace	517	r15-m1
r15-m1-006-user-stack-alloc	518	r15-m1
r15-m1-007-embed-shell-bin	519	r15-m1
r15-m1-008-loader-smoke-fixture	520	r15-m1
r15-m1-009-aspace-teardown	521	r15-m1
r15-m2-001-user-selector-constants	522	r15-m2
r15-m2-002-user-text-page-mapping	523	r15-m2
r15-m2-003-iretq-frame-builder	524	r15-m2
r15-m2-004-tss-rsp0-preload	525	r15-m2
r15-m2-005-enter-userland-initial	526	r15-m2
r15-m2-006-first-user-ret-target	527	r15-m2
r15-m2-007-triple-fault-diagnostic-mode	528	r15-m2
r15-m3-001-msr-audit-post-higher-half	529	r15-m3
r15-m3-002-star-selector-audit	530	r15-m3
r15-m3-003-kernel-gs-base-init	531	r15-m3
r15-m3-004-sysret-canonical-sanity	532	r15-m3
r15-m3-005-syscall-entry-slow-path-audit	533	r15-m3
r15-m3-006-fmask-if-audit	534	r15-m3
r15-m4-001-syscall-table-freeze-sc-plus	535	r15-m4
r15-m4-002-syscall-handler-table-array	536	r15-m4
r15-m4-003-sys-exit-handler	537	r15-m4
r15-m4-004-sys-write-handler-tty-only	538	r15-m4
r15-m4-005-sys-read-handler-tty-only	539	r15-m4
r15-m4-006-sys-getpid-handler	540	r15-m4
r15-m4-007-syscall-arg-validation-pointer-fault	541	r15-m4
r15-m4-008-syscall-enosys-audit	542	r15-m4
r15-m5-001-task-struct-layout-freeze	543	r15-m5
r15-m5-002-task-slab	544	r15-m5
r15-m5-003-pid-alloc-dense-lowest	545	r15-m5
r15-m5-004-current-task-getter	546	r15-m5
r15-m5-005-task-state-machine	547	r15-m5
r15-m5-006-task-new-real	548	r15-m5
r15-m5-007-fd-table-embed	549	r15-m5
r15-m5-008-task-free-real	550	r15-m5
r15-m5-009-smoke-process-mode	551	r15-m5
r15-m6-001-aspace-clone-cow	552	r15-m6
r15-m6-002-pf-handler-cow-split	553	r15-m6
r15-m6-003-sys-fork	554	r15-m6
r15-m6-004-sys-execve	555	r15-m6
r15-m6-005-sys-wait	556	r15-m6
r15-m6-006-sys-exit	557	r15-m6
r15-m6-007-orphan-adoption-by-init	558	r15-m6
r15-m6-008-cow-refcount-frame-metadata	559	r15-m6
r15-m6-009-fork-exec-wait-smoke	560	r15-m6
r15-m6-010-fork-exec-wait-audit-multicore-notes	561	r15-m6
r15-m7-001-idle-task-boot-init	562	r15-m7
r15-m7-002-runqueue-real	563	r15-m7
r15-m7-003-sched-switch-real	564	r15-m7
r15-m7-004-lapic-timer-100hz	565	r15-m7
r15-m7-005-timer-isr-preempt	566	r15-m7
r15-m7-006-sched-block-wake	567	r15-m7
r15-m7-007-yield-on-sys-read-empty	568	r15-m7
r15-m7-008-scheduler-smp-ready-hooks	569	r15-m7
r16-m1-001-vfs-vnode-struct-layout	570	r16-m1
r16-m1-002-vnode-slab	571	r16-m1
r16-m1-003-vops-function-pointer-table	572	r16-m1
r16-m1-004-path-resolver	573	r16-m1
r16-m1-005-mount-table	574	r16-m1
r16-m1-006-vfs-open	575	r16-m1
r16-m1-007-vfs-close	576	r16-m1
r16-m1-008-vfs-read-write	577	r16-m1
r16-m1-009-vfs-smoke	578	r16-m1
r16-m2-001-tmpfs-inode-pool	579	r16-m2
r16-m2-002-tmpfs-root-init	580	r16-m2
r16-m2-003-tmpfs-lookup	581	r16-m2
r16-m2-004-tmpfs-create	582	r16-m2
r16-m2-005-tmpfs-write	583	r16-m2
r16-m2-006-tmpfs-read	584	r16-m2
r16-m2-007-tmpfs-unlink	585	r16-m2
r16-m2-008-tmpfs-vops-wire	586	r16-m2
r16-m3-001-sys-open-real	587	r16-m3
r16-m3-002-sys-close-real	588	r16-m3
r16-m3-003-sys-read-through-vfs	589	r16-m3
r16-m3-004-sys-write-through-vfs	590	r16-m3
r16-m3-005-sys-dup2	591	r16-m3
r16-m3-006-fd-inherit-across-fork	592	r16-m3
r16-m3-007-fd-cloexec-on-exec	593	r16-m3
r16-m3-008-fd-smoke	594	r16-m3
r16-m4-001-uart-rx-init	595	r16-m4
r16-m4-002-uart-rx-ring	596	r16-m4
r16-m4-003-uart-rx-isr	597	r16-m4
r16-m4-004-idt-vector-24-wire	598	r16-m4
r16-m4-005-ioapic-route-irq4	599	r16-m4
r16-m4-006-uart-rx-notification-cap	600	r16-m4
r16-m4-007-uart-rx-smoke	601	r16-m4
r15-m5-001-tty-vnode-alloc	602	r16-m5
r15-m5-002-tty-vops-table	603	r16-m5
r15-m5-003-line-buffer	604	r16-m5
r15-m5-004-tty-process-input-echo	605	r16-m5
r15-m5-005-tty-read-blocking	606	r16-m5
r15-m5-006-tty-write-nl-cr-translate	607	r16-m5
r15-m5-007-connect-tty-to-init-fd012	608	r16-m5
r15-m5-008-tty-smoke	609	r16-m5
r17-m1-001-syscall-shim-extend	610	r17-m1
r17-m1-002-user-strlen-memcmp	611	r17-m1
r17-m1-003-user-memcpy-memset	612	r17-m1
r17-m1-004-user-errno-slot	613	r17-m1
r17-m1-005-user-puts-getline	614	r17-m1
r17-m1-006-user-smoke-libc	615	r17-m1
r17-m2-001-init-source-and-linker	616	r17-m2
r17-m2-002-init-open-tty-fds	617	r17-m2
r17-m2-003-init-fork-exec-shell	618	r17-m2
r17-m2-004-init-wait-loop-respawn	619	r17-m2
r17-m2-005-kernel-launch-init-bootstrap	620	r17-m2
r17-m3-001-shell-main-loop-skeleton	621	r17-m3
r17-m3-002-shell-line-reader	622	r17-m3
r17-m3-003-shell-tokenizer	623	r17-m3
r17-m3-004-shell-builtin-dispatch	624	r17-m3
r17-m3-005-shell-fork-exec-child	625	r17-m3
r17-m3-006-shell-path-resolution	626	r17-m3
r17-m3-007-shell-ctrld-eof-exit	627	r17-m3
r17-m3-008-shell-empty-line-reprompt	628	r17-m3
r17-m4-001-builtin-echo	629	r17-m4
r17-m4-002-builtin-exit	630	r17-m4
r17-m4-003-builtin-pwd	631	r17-m4
r17-m4-004-builtin-cd	632	r17-m4
r17-m4-005-builtin-help	633	r17-m4
r17-m4-006-builtin-env	634	r17-m4
r17-m5-001-serial-pty-driver-script	635	r17-m5
r17-m5-002-echo-hello-golden	636	r17-m5
r17-m5-003-shell-multi-command-golden	637	r17-m5
r17-m5-004-shell-child-process-golden	638	r17-m5
r17-m5-005-shell-shutdown-golden	639	r17-m5
r17-m5-006-add-shell-tests-to-run-smoke	640	r17-m5
